uuid,first_name,middle_name,last_name,ssn,dob,race,gender,veteranstatus,date_created,dateupdated,userid,email,phone
108499,David,W,Aagaard,100108499,1/1/45,B,M,Y,6/16/06 11:07,10/15/15 10:29,245092,mrussell0@smh.com.au,48-(593)357-6834
247915,Audrey,S - T,Abruzzo,100247915,1/1/52,B,F,N,8/20/15 2:15,8/20/15 2:15,245076,jbell1@sina.com.cn,86-(272)606-9885
115207,Linda,Rose,Afghani,100115207,1/1/64,B,M,Y,3/14/00 5:21,10/21/15 10:37,245092,sharrison2@elpais.com,62-(794)471-8057
248537,Mark,R,Agdeppa,100248537,1/1/75,W,M,Y,10/5/15 1:25,10/6/15 2:12,245094,charris3@slate.com,970-(809)546-3959
189606,Philip,L.,Ahsan,100189606,1/1/08,B,O,N,10/2/13 5:05,10/26/15 7:52,245094,rcarpenter4@amazon.co.jp,256-(137)799-5593
238430,Erik,Y,Ai,100238430,1/1/63,W,M,Y,12/13/13 12:46,2/5/16 7:17,245094,rwoods5@ucoz.com,58-(506)744-7358
245538,Robert,D,Aitken,100245538,NULL,W,F,N,2/17/15 9:58,7/6/15 8:40,245092,hray6@hc360.com,86-(555)854-6524
245780,David,L,Aka,100245780,1/1/56,W,M,N,3/6/15 7:50,12/29/15 9:36,246539,amurray7@diigo.com,46-(225)121-4436
248538,Jonathan,B.,Albert,100248538,1/1/75,W,F,N,10/5/15 1:55,10/6/15 2:13,245094,hkelley8@blogger.com,7-(855)272-5987
249124,Ethan,E,Alcoba,100249124,1/1/57,B,M,Y,12/2/15 11:25,12/2/15 11:26,248351,sfuller9@blogspot.com,86-(730)705-9913
249476,Curt,M,Alford,100249476,1/1/59,B,F,Y,1/6/16 10:22,2/18/16 10:05,188937,lhowella@archive.org,351-(148)288-2958
238431,Philip,M.,Ali,100238431,1/1/62,W,F,N,12/13/13 12:47,2/5/16 7:19,245094,dmasonb@thetimes.co.uk,55-(189)938-2459
252015,Hengning,E,Allan,100252015,1/1/89,W,M,Y,2/16/16 11:03,2/16/16 11:03,248351,rmorenoc@ask.com,355-(750)500-7652
249356,Laura,S,Alloway,100249356,1/1/80,B,M,N,12/22/15 8:55,1/19/16 10:18,244892,ewatkinsd@youtu.be,1-(973)847-3238
91161,Douglas,T,Andersen,100091161,1/1/52,B,M,Y,3/14/00 5:21,12/16/15 3:00,245092,jmccoye@hud.gov,86-(375)906-2056
249716,Thomas,W,Andrews,100249716,1/1/57,B,M,Y,1/25/16 3:18,1/25/16 3:19,248351,pdiazf@msu.edu,86-(900)532-5743
91501,Raz,E,Antonson,NULL,NULL,B,M,Y,3/14/00 5:21,12/16/15 1:59,245092,cgordong@blogspot.com,353-(355)635-0689
248547,John,D,Augustine,100248547,1/1/69,B,F,N,10/6/15 12:20,10/6/15 12:21,245076,sperezh@sitemeter.com,55-(603)741-1431
247857,Regina,S.,Babcock,100247857,1/1/49,W,M,Y,8/18/15 7:38,12/9/15 10:02,248678,pgonzalezi@chron.com,1-(855)197-3569
248675,Lydia,Anne,Baillargeon,100248675,1/1/10,B,M,N,10/19/15 1:25,10/19/15 1:25,182894,hcunninghamj@noaa.gov,86-(450)911-0404
249295,Rejean,,Bakman,100249295,1/1/51,B,M,Y,12/16/15 12:05,1/21/16 11:25,246539,btuckerk@youtube.com,66-(358)126-6366
249470,Edward,B,Banks,100249470,1/1/82,W,M,Y,1/6/16 7:52,1/21/16 1:33,245881,pfosterl@globo.com,356-(598)985-7584
249199,Robert,A,Bassinger,100249199,1/1/05,B,F,N,12/9/15 10:03,12/9/15 10:04,245094,rphillipsm@prlog.org,86-(295)984-9473
247531,Jack,P,Bauer,100247531,1/1/72,W,O,Y,7/24/15 8:23,1/13/16 2:33,245881,jjonesn@wufoo.com,66-(532)472-3609
248680,Susan,N,Beatus,100248680,1/1/52,B,M,Y,10/20/15 8:07,10/20/15 8:07,248351,anguyeno@google.ca,33-(770)600-2949
249639,Jessica,B,Becker,100249639,1/1/12,W,F,N,1/20/16 8:10,1/20/16 8:11,246539,pjohnsonp@microsoft.com,63-(851)341-2182
241169,Daniel,R,Beldon,100241169,1/1/57,B,M,Y,9/12/14 8:03,7/20/15 10:44,188978,jjohnstonq@samsung.com,509-(773)405-8829
248556,Renee,M,Benefield,100248556,1/1/85,W,F,N,10/6/15 2:01,10/29/15 11:09,246539,bdayr@sitemeter.com,380-(297)795-4567
101863,Karen,J Nathaniel,Benes,100101863,1/1/60,B,M,Y,12/20/04 9:31,12/2/15 1:45,246539,arichardsons@go.com,420-(977)578-1460
248856,Matthew,P,Benoit,100248856,1/1/72,W,F,Y,11/3/15 9:12,11/3/15 9:13,245881,pkingt@ox.ac.uk,98-(256)690-9290
95126,Patricia,F,Benson,100095126,1/1/80,B,F,Y,6/5/03 3:03,1/29/16 10:16,246539,arayu@thetimes.co.uk,62-(609)989-0916
248683,Gregory,L,Bilicska,100248683,1/1/08,B,M,N,10/20/15 8:52,12/17/15 10:48,182894,sgonzalesv@spotify.com,81-(867)450-2757
152213,David,Alfred,Bobys,100152213,1/1/04,B,O,N,8/9/04 9:16,8/9/04 9:16,11,hcarpenterw@usatoday.com,57-(271)122-2972
248602,Adam,,Bondarowicz,100248602,1/1/83,B,M,Y,10/12/15 12:19,11/19/15 1:11,184802,elopezx@wunderground.com,1-(940)879-7067
248507,Mark,J,Bordas,100248507,1/1/58,B,M,Y,10/2/15 10:07,10/29/15 11:26,246539,bstanleyy@cdc.gov,55-(172)915-0691
172674,John,Andrew,Bouscaren,100172674,1/1/54,B,M,Y,9/13/01 1:55,10/19/15 10:24,246539,wwatkinsz@microsoft.com,261-(475)816-9293
243168,Robert,J,Boyer,100243168,1/1/78,B,F,Y,10/28/14 2:31,11/12/15 10:30,182894,bpeters10@imdb.com,62-(902)569-9000
248062,Karen,M,Brooks,100248062,1/1/63,B,M,Y,8/27/15 1:34,9/2/15 10:19,245094,cmills11@dion.ne.jp,63-(991)786-0639
248857,Jeffrey,I.,Brown,100248857,1/1/72,W,M,N,11/3/15 9:14,11/3/15 9:14,245881,larnold12@ox.ac.uk,86-(741)638-4836
249200,Thomas,B,Brown,100249200,1/1/07,B,F,N,12/9/15 10:03,12/9/15 10:04,245094,lfisher13@discuz.net,7-(856)842-6011
249284,Pedro Mateo,,Brown,100249284,1/1/13,W,F,N,12/15/15 9:54,12/15/15 9:55,244583,mpierce14@un.org,48-(190)520-3906
246930,Allen,Martin,Brown,100246930,1/1/10,B,M,N,6/10/15 9:48,7/31/15 8:29,245076,ehart15@feedburner.com,86-(956)413-0135
249119,Michael,F,Bryant,100249119,1/1/99,W,F,N,12/1/15 3:00,12/1/15 3:01,245881,cvasquez16@hatena.ne.jp,420-(563)946-8369
249562,Mark,S,Bryner,100249562,1/1/59,B,F,N,1/13/16 9:56,1/14/16 9:38,182894,rcrawford17@amazon.co.jp,234-(487)873-3048
246696,Anna,L,Burke,100246696,1/1/65,W,F,Y,5/26/15 10:00,12/15/15 12:46,245881,shudson18@ca.gov,1-(904)692-8936
248965,Matthew,A.,Butler,100248965,1/1/59,B,M,Y,11/16/15 9:12,2/29/16 4:42,181952,swilliams19@a8.net,86-(112)496-3153
249964,Jack,J,Calloway,100249964,1/1/65,W,F,Y,2/10/16 9:36,2/10/16 9:36,245881,mrichardson1a@globo.com,251-(482)758-3261
110604,Keith,L,Campbell,100110604,1/1/63,B,M,N,11/7/06 9:16,10/14/15 9:44,182894,ckennedy1b@ucla.edu,98-(790)599-9413
177592,Ann,E,Carmack,100177592,1/1/67,W,O,Y,7/29/11 1:48,2/4/16 8:32,249427,mthomas1c@woothemes.com,86-(515)179-2080
243183,James,H,Carr-Trexler,100243183,1/1/68,W,F,Y,10/29/14 9:20,10/29/14 9:20,239008,jwoods1d@apache.org,62-(795)259-4545
246952,Les,W,Carrano,100246952,1/1/64,B,M,Y,6/11/15 8:07,10/9/15 10:05,178107,arobinson1e@comcast.net,385-(720)558-5059
245839,Steven,B,Chan,5839,1/1/54,B,M,Y,3/11/15 8:37,11/2/15 8:21,182894,mmatthews1f@cargocollective.com,381-(523)224-4990
249201,Charles,E,Chapple,100249201,1/1/11,B,M,N,12/9/15 10:03,12/9/15 10:04,245094,dsimpson1g@bbb.org,353-(316)551-7145
244639,Eloise,A,Chaskar,100244639,1/1/06,W,M,N,12/5/14 8:21,9/29/15 12:00,245076,stucker1h@ifeng.com,1-(512)515-1408
248060,Shannon,C,Chen,100248060,1/1/71,B,M,Y,8/27/15 1:19,11/12/15 9:45,177827,espencer1i@seesaa.net,1-(620)217-4050
246106,Thomas,J,Chiabotti,100246106,1/1/57,B,M,Y,3/31/15 9:48,1/13/16 7:55,248351,pallen1j@php.net,51-(938)550-3403
240178,Christopher,P,Chiang,100240178,1/1/49,B,M,Y,6/9/14 8:30,2/15/16 9:47,86250,awelch1k@fotki.com,46-(231)737-8245
246960,James,A,Clonts,100246960,1/1/66,B,F,Y,6/11/15 12:12,11/9/15 1:50,245094,kbishop1l@shareasale.com,86-(300)242-5254
246076,Gregg,K,Collins,100246076,1/1/59,B,F,Y,3/30/15 9:51,8/5/15 2:51,245076,wwalker1m@thetimes.co.uk,54-(354)362-4048
249156,Howard,David,Conroy,100249156,1/1/13,W,M,N,12/4/15 3:36,12/4/15 3:37,244583,jharrison1n@pcworld.com,53-(751)646-7405
248126,Milan,M,Cooper,100248126,1/1/89,B,F,Y,8/31/15 10:48,8/31/15 10:48,245076,bcarr1o@slashdot.org,380-(992)939-3028
249128,Norman,,Copeland,100249128,1/1/52,B,M,N,12/2/15 2:25,1/14/16 3:51,248351,cwatkins1p@europa.eu,57-(495)108-5906
249770,Brian,M,Covello,100249770,1/1/60,W,M,Y,1/28/16 11:38,1/28/16 11:39,248351,pwest1q@china.com.cn,1-(615)809-9122
252078,Stanton,W,Crisona,2078,1/1/56,B,M,Y,2/19/16 12:02,2/19/16 8:15,249901,lprice1r@usa.gov,86-(485)901-2721
240460,Kathleen,R,Cronin,100240460,1/1/65,B,F,Y,7/7/14 12:47,11/6/15 2:51,86270,ckelly1s@npr.org,351-(846)434-7391
245693,Jeffrey,K,Cuticchia,100245693,1/1/63,B,M,Y,2/27/15 9:37,6/29/15 3:19,245076,egilbert1t@bbc.co.uk,62-(830)908-6286
248548,Angie,K,Cyhan,100248548,1/1/10,W,M,N,10/6/15 12:42,10/6/15 12:42,245094,awatson1u@vistaprint.com,62-(668)149-1891
245519,William,M,Dabbiere,100245519,1/1/62,W,M,Y,2/13/15 12:17,7/6/15 8:36,245092,thart1v@istockphoto.com,86-(799)739-8572
246077,David,H,Davis,100246077,1/1/97,B,M,N,3/30/15 9:53,3/30/15 9:54,245076,trussell1w@cloudflare.com,358-(421)816-0128
132995,Byron,Kerem,De Pinho,100132995,1/1/80,B,M,Y,10/21/10 8:52,11/23/15 7:43,182894,aking1x@gmpg.org,48-(232)439-5786
246760,Michael,A,DeGrasse,100246760,1/1/67,B,F,Y,5/29/15 2:16,12/9/15 12:00,248678,jruiz1y@moonfruit.com,86-(996)237-0037
249197,Theodore,M,Derry,100249197,1/1/84,B,M,Y,12/9/15 9:53,2/6/16 5:24,244492,hwillis1z@mysql.com,55-(616)233-1196
248549,Ronald,M,Dhand,100248549,1/1/11,W,F,N,10/6/15 12:42,10/6/15 12:42,245094,lhenry20@exblog.jp,60-(390)710-0555
248629,Patricia,M,Dinella,100248629,1/1/02,W,M,N,10/14/15 12:52,10/14/15 12:53,245881,wharper21@bloomberg.com,81-(878)399-2803
244640,Daniel,J,DiRico,100244640,1/1/08,W,M,N,12/5/14 8:24,9/29/15 12:00,245076,ryoung22@npr.org,351-(933)686-9093
246346,Robert,M,Dixon,100246346,1/1/58,B,M,Y,4/23/15 2:28,4/23/15 2:28,245076,jrogers23@theglobeandmail.com,504-(362)790-0814
247914,Yoek-Lin,M,Djokovic,7914,1/1/52,N,M,Y,8/20/15 2:12,8/20/15 2:13,245076,gmcdonald24@baidu.com,86-(586)350-8013
249278,Vincent,F,Dolnik,100249278,1/1/86,W,M,Y,12/15/15 9:40,12/15/15 9:40,244583,jyoung25@webs.com,46-(950)963-4443
180884,Colene,Kulprathipanja,Downing,100180884,1/1/54,B,M,Y,1/25/12 10:13,8/14/15 12:34,245076,smiller26@eventbrite.com,46-(605)737-8838
248586,Portia,J,Dube,100248586,1/1/54,B,M,Y,10/9/15 12:33,10/16/15 8:07,188978,hbryant27@hubpages.com,967-(833)953-2111
252106,James,E,Dunlap,100252106,1/1/57,B,M,Y,2/24/16 11:17,2/24/16 11:17,248351,tjohnson28@twitter.com,1-(969)906-5872
247032,Alexandra,G,Elderkin,100247032,1/1/57,B,M,Y,6/17/15 8:08,11/30/15 1:06,182894,bmurray29@etsy.com,31-(421)399-3863
123866,Paul,,Ellsworth,100123866,1/1/61,B,F,Y,3/14/00 5:22,11/6/15 1:03,246539,mwagner2a@bbc.co.uk,63-(744)554-5745
183833,Gregory,Durbin,Ennis,100183833,1/1/81,B,M,Y,7/30/12 4:36,2/4/16 9:07,249221,ahunt2b@google.com.br,7-(252)962-5318
249969,Laurie,,Entis,100249969,1/1/63,B,M,Y,2/10/16 3:29,2/10/16 3:29,248351,ehoward2c@drupal.org,57-(748)453-2875
249975,Douglas,M.,Eurek,100249975,1/1/56,B,M,Y,2/11/16 12:38,2/11/16 12:38,248351,skelly2d@techcrunch.com,46-(687)470-8687
160329,Steven,L,Evans,100160329,1/1/91,B,M,Y,11/1/06 7:03,2/6/16 5:16,244492,ccook2e@scientificamerican.com,86-(367)827-9654
247503,Kevin,J,Fawzy,100247503,NULL,W,M,Y,7/22/15 9:19,8/6/15 9:47,188978,hhall2f@va.gov,86-(847)713-3248
249281,Heidi,P,Fister,100249281,1/1/07,W,M,N,12/15/15 9:54,12/15/15 9:55,244583,aphillips2g@bravesites.com,7-(188)699-9415
248608,Bradley,B.,Flanagan,100248608,1/1/64,B,M,Y,10/12/15 1:00,10/12/15 1:00,182894,bfisher2h@lulu.com,358-(276)918-4161
249157,Steven,I,Flanigan,100249157,1/1/14,W,F,N,12/4/15 3:36,12/4/15 3:37,244583,rthomas2i@abc.net.au,46-(109)262-9782
102242,Andy,Imgrund,Flindt,100102242,NULL,B,F,N,1/25/05 8:39,2/6/16 4:31,244492,knguyen2j@mayoclinic.com,389-(999)598-1231
182784,Trisha,W,Ford,100182784,1/1/63,B,M,Y,5/24/12 4:16,2/4/16 12:03,248351,jrice2k@google.com.hk,353-(724)384-7977
249283,Cristina,M,Forget,100249283,1/1/08,W,F,N,12/15/15 9:54,12/15/15 9:55,244583,lfernandez2l@webnode.com,420-(425)249-9868
127185,Craig,J,Fournier,100127185,1/1/53,W,M,Y,1/6/10 9:20,1/19/16 7:59,248350,paustin2m@taobao.com,86-(320)411-9442
248202,James,A,Frank,100248202,1/1/59,W,F,N,9/3/15 10:30,9/3/15 10:31,246539,skennedy2n@icio.us,351-(567)370-4008
248879,David,S,Freedman,100248879,1/1/46,W,M,Y,11/5/15 2:41,11/5/15 2:41,245881,charrison2o@vk.com,963-(127)152-6956
247045,Robert,J,Garcia,100247045,1/1/83,B,F,Y,6/17/15 12:12,12/14/15 9:52,246539,ajordan2p@fc2.com,374-(253)626-9951
248127,Timothy,,Gardner,100248127,1/1/14,B,F,N,8/31/15 10:49,8/31/15 10:50,245076,rbutler2q@hud.gov,420-(874)176-3382
105511,Melvin,J,Garthwaite,100105511,1/1/62,B,M,N,10/3/05 11:30,1/19/16 8:55,249427,wwarren2r@miitbeian.gov.cn,81-(593)574-4813
107295,John,R,Gast,100107295,1/1/74,B,M,Y,3/6/06 9:17,10/28/15 2:49,246539,dcarroll2s@slashdot.org,965-(363)885-1223
137072,John,A,Giugliano,100137072,1/1/67,B,M,Y,3/27/01 8:10,12/15/15 3:11,182894,asullivan2t@patch.com,30-(356)307-5651
122787,John,A,Gluecksmann,100122787,1/1/59,B,M,Y,8/17/09 3:20,1/12/16 2:34,245092,cgriffin2u@bbc.co.uk,20-(606)404-3100
248612,Glen,E,Godziela,100248612,1/1/59,B,M,Y,10/12/15 1:45,10/12/15 2:12,246539,pelliott2v@woothemes.com,380-(742)400-7044
248129,Eric,P,Gordon,100248129,1/1/63,B,F,Y,8/31/15 11:25,12/22/15 2:28,248678,jkennedy2w@washingtonpost.com,63-(105)290-1438
95759,Charles,A,Grace,100095759,1/1/61,B,F,Y,7/24/03 11:57,12/15/15 2:58,249221,jlong2x@admin.ch,46-(161)636-1228
246799,Kenneth,G.,Graff,100246799,1/1/73,B,M,Y,6/2/15 2:37,7/14/15 12:07,245076,rgordon2y@oracle.com,62-(104)733-4459
248614,Antonia,J,Granchelli,100248614,1/1/87,B,F,N,10/12/15 2:00,10/12/15 2:01,182894,tarmstrong2z@weebly.com,46-(976)270-0068
117712,Margaret,W,Griffin,100117712,1/1/58,W,M,Y,3/6/08 9:05,2/18/16 10:29,246539,moliver30@phpbb.com,385-(432)123-2386
134073,James,Donald,Grillo,4973,1/1/64,B,M,Y,11/1/10 11:32,2/22/16 4:51,245092,adavis31@cyberchimps.com,98-(204)741-3636
252112,Colman,,Grosselin,252112,1/1/56,B,M,Y,2/24/16 2:08,2/24/16 2:09,182894,srogers32@marketwatch.com,967-(140)580-4467
248970,Angel,W,Guttag,100248970,1/1/54,B,F,N,11/16/15 9:55,11/16/15 4:05,182894,mmendoza33@java.com,7-(784)129-9139
247921,Cheryl,L,Hadikusumo,100247921,1/1/76,B,M,Y,8/21/15 9:53,8/21/15 9:54,247275,rspencer34@msn.com,60-(508)773-0005
90077,Robert,J,Hanks,100090077,1/1/53,B,M,Y,3/14/00 5:21,8/26/15 1:52,182894,lpalmer35@umich.edu,55-(200)982-2299
125689,Robert,,Harlow,100125689,1/1/63,B,M,Y,3/14/00 5:22,12/8/15 1:03,245881,chudson36@timesonline.co.uk,57-(587)281-0610
246396,Pamela,W,Harris,100246396,1/1/55,B,M,Y,4/30/15 8:16,9/1/15 1:33,177827,mjones37@mit.edu,55-(188)488-1961
247742,Norby,L,Hartman,100247742,1/1/65,B,M,Y,8/10/15 8:29,10/28/15 9:04,246539,llarson38@sciencedirect.com,212-(154)933-6906
249141,Joseph,D,Hayenga,100249141,1/1/62,W,M,Y,12/3/15 3:02,12/3/15 3:04,244492,skelley39@cornell.edu,86-(588)636-6894
240713,Irina,M,Haynes,100240713,1/1/05,B,F,N,7/29/14 2:21,12/9/15 10:43,248678,tdunn3a@de.vu,51-(764)390-6317
249211,Alexander,Sidney,Henrichs,100249211,1/1/60,W,M,Y,12/9/15 1:34,12/9/15 1:35,248678,mjacobs3b@tmall.com,92-(343)857-1083
134315,Karl,E,Herring,,1/1/75,W,F,Y,11/29/10 8:21,10/16/15 9:35,248348,cthomas3c@a8.net,86-(659)648-3623
247093,Anthony,W,Hewitt,100247093,1/1/49,B,M,Y,6/22/15 12:06,10/15/15 10:18,182894,tburns3d@phoca.cz,63-(223)272-0190
240059,Lisa,Tong,Heydon,100240059,1/1/53,B,M,Y,5/27/14 2:12,11/19/15 9:03,182894,shudson3e@icq.com,48-(417)459-7303
248176,Andrew,P,Hickman,100248176,1/1/02,W,F,N,9/2/15 8:45,10/5/15 8:52,182894,aflores3f@fda.gov,7-(722)913-5680
246586,Lance,M,Hinson,100246586,1/1/56,B,M,Y,5/18/15 10:29,10/13/15 10:26,245076,aarnold3g@multiply.com,966-(642)734-2629
248240,Roy,David,Hoefling,100248240,NULL,W,M,Y,9/8/15 2:44,10/29/15 11:59,246539,dwallace3h@craigslist.org,63-(626)702-5692
243203,Janet,A,Hoke,100243203,1/1/68,W,F,Y,10/30/14 8:20,3/10/15 2:01,239008,rjackson3i@sogou.com,7-(321)568-0698
172797,Kevin,L,Hwung,100172797,1/1/60,B,M,N,9/27/01 11:01,7/23/15 8:50,182894,jmorrison3j@weather.com,86-(746)347-2954
249127,Mark,J,Ichiye,100249127,1/1/76,W,M,Y,12/2/15 1:42,12/2/15 1:43,248351,drussell3k@meetup.com,39-(589)378-4734
161215,Philip,E,Imperato,100161215,1/1/98,B,F,N,3/21/07 3:20,12/11/15 1:08,245881,tchapman3l@harvard.edu,1-(266)913-6445
248684,Mary,W,Jacobs,100248684,1/1/08,B,M,N,10/20/15 8:56,12/11/15 11:55,182894,ddaniels3m@amazon.co.jp,86-(689)622-4921
248974,Sarah,,Jagtiani,100248974,1/1/63,W,M,Y,11/16/15 1:28,11/16/15 1:28,246539,rhansen3n@nsw.gov.au,7-(549)555-4272
90703,J,N.,Jeppsen,100090703,1/1/53,B,M,Y,3/14/00 5:21,2/10/16 3:37,245092,mwilliams3o@cbslocal.com,962-(250)248-4773
249592,Sumeet,L,Jepson,100249592,1/1/50,B,M,Y,1/14/16 10:37,1/14/16 10:37,248351,awatson3p@bravesites.com,502-(341)975-0686
247128,Albert,Randall,Johnson,100247128,1/1/10,B,M,N,6/24/15 12:18,10/27/15 10:06,178970,crivera3q@pbs.org,62-(840)844-0407
247129,Emmett,F,Johnson,100247129,1/1/11,B,M,N,6/24/15 12:18,10/27/15 10:07,178970,shunter3r@bloomberg.com,62-(204)947-6609
243213,Harold,A,Jones,100243213,1/1/05,B,M,N,10/30/14 10:01,10/30/14 10:21,86070,epeterson3s@myspace.com,93-(724)604-2406
249118,Heribert,R.,Joyce,100249118,1/1/00,W,M,N,12/1/15 2:56,12/1/15 2:57,245881,jhenry3t@imdb.com,81-(939)717-8577
247130,Anthony,S,Joyner,100247130,1/1/85,B,M,N,6/24/15 12:20,10/28/15 12:40,246539,hknight3u@gnu.org,967-(222)619-8380
248489,David,Jennifer,Jubinsky,100248489,NULL,W,M,Y,10/1/15 8:56,10/1/15 8:57,244583,amills3v@tamu.edu,55-(499)394-5475
111756,Larry,A,Kajisa,100111756,1/1/63,B,F,Y,3/21/07 3:10,11/2/15 12:28,245881,kmeyer3w@springer.com,86-(881)661-8478
245181,Aleksander,R,Kammlade,100245181,1/1/62,W,M,Y,1/26/15 8:01,2/23/16 5:49,245881,tgonzales3x@over-blog.com,86-(757)937-4218
249797,Darren,T,Kelly,100249797,1/1/08,B,F,N,1/29/16 10:19,1/29/16 10:19,246539,lriley3y@creativecommons.org,48-(959)285-7316
244633,Kent,C,Kiernan,100244633,1/1/70,W,M,Y,12/5/14 7:48,9/29/15 12:00,245076,walvarez3z@ca.gov,30-(110)949-3599
249543,Amy,E,Kirkbir,100249543,1/1/49,B,M,Y,1/12/16 10:51,1/12/16 10:51,248678,ngibson40@arstechnica.com,1-(314)430-6592
247171,Darnita,J,Klein,100247171,1/1/60,B,M,Y,6/29/15 8:58,6/30/15 8:44,178547,pmorales41@army.mil,54-(979)764-3438
248257,Tamara,A,Kliebert,100248257,NULL,W,M,Y,9/9/15 1:19,11/23/15 2:34,245094,cbanks42@marketwatch.com,62-(977)767-6402
107564,Charles,M,Koepsel,100107564,NULL,B,M,Y,3/28/06 11:26,12/7/15 1:31,246539,jmatthews43@tumblr.com,62-(485)275-0716
248574,Eric,Mary,Kramer,100248574,1/1/61,W,F,Y,10/8/15 9:20,10/20/15 12:54,245076,rallen44@hp.com,7-(631)280-3336
249303,Daniel,Abraham,Kudymov,100249303,1/1/65,B,F,Y,12/17/15 7:23,12/17/15 7:23,248678,bandrews45@reverbnation.com,81-(732)267-4926
174662,Alan,H,Kundrat,100174662,1/1/76,B,O,Y,4/1/02 2:52,2/3/16 3:27,248348,lrussell46@abc.net.au,20-(915)980-9183
248689,Michael,K.,La Bruno,100248689,1/1/58,W,F,Y,10/20/15 12:50,10/20/15 12:50,246539,jmccoy47@examiner.com,86-(777)969-5342
249588,John,J,Laird,100249588,1/1/63,W,M,Y,1/14/16 9:20,1/21/16 1:35,248351,ballen48@nhs.uk,261-(181)257-6531
246938,Leong,J,Landis,100246938,1/1/51,W,M,Y,6/10/15 1:11,1/12/16 2:03,245092,jryan49@gov.uk,92-(625)962-9925
248232,Sarita,P.,Lantsman,100248232,1/1/56,W,M,Y,9/8/15 12:26,10/28/15 9:45,246539,jnelson4a@wix.com,33-(309)518-4386
249589,Michael,D,Lee,100249589,1/1/96,B,F,N,1/14/16 10:07,1/14/16 10:07,182894,akennedy4b@hubpages.com,48-(185)816-1321
249228,Ralph,,Lee,100249228,1/1/60,W,M,Y,12/10/15 12:28,2/3/16 10:58,245094,bmurray4c@time.com,48-(692)670-8077
161216,Matthew,P,Leonard,100161216,1/1/00,B,F,N,3/21/07 3:21,12/17/15 11:50,245881,cfrazier4d@stumbleupon.com,62-(350)752-9361
249282,Anthony,L,Lew,100249282,1/1/08,W,M,N,12/15/15 9:54,12/15/15 9:55,244583,erogers4e@ustream.tv,7-(751)395-6371
245694,Peter,M,Lim,100245694,1/1/64,B,F,N,2/27/15 9:39,2/4/16 2:07,248351,aburke4f@foxnews.com,506-(454)967-3697
189605,Stephen,G,Lipski,100189605,1/1/02,B,O,N,10/2/13 5:03,10/22/15 1:49,245094,egrant4g@parallels.com,223-(476)742-0851
246891,Victor,G,LLagostera,100246891,1/1/09,B,M,N,6/8/15 10:53,10/9/15 1:06,245881,ltaylor4h@about.me,54-(153)993-8781
249497,Charlotte,S.,Lobo,100249497,1/1/93,W,M,N,1/7/16 1:04,1/7/16 1:05,245094,hmorris4i@bloomberg.com,55-(331)152-1135
110020,Robert,R,Long,100110020,1/1/62,B,M,Y,9/13/06 9:31,2/29/16 10:26,245094,emorrison4j@skyrock.com,33-(355)480-5201
249635,Meghan,,Lorenz,100249635,1/1/82,W,M,Y,1/20/16 7:47,2/6/16 4:18,244492,hross4k@spiegel.de,387-(242)907-0250
247934,Mimi,Jean,Lucas,100247934,1/1/03,W,M,N,8/21/15 2:49,8/21/15 2:49,244583,jmatthews4l@phoca.cz,380-(675)171-6556
246850,Bradford,B,MacDonald,100246850,1/1/08,B,M,N,6/4/15 2:09,7/31/15 8:29,245076,mbishop4m@eventbrite.com,86-(491)517-4168
134325,David,G,MacNichol,100134325,1/1/61,W,M,Y,11/29/10 2:47,12/17/15 2:08,246539,jspencer4n@ebay.com,1-(313)133-0803
247928,Lee,L,Mancini,7928,1/1/78,W,M,Y,8/21/15 1:35,10/14/15 12:50,245881,eturner4o@dell.com,62-(735)898-7020
240180,Kevin,G,Mancini,180,1/1/08,B,M,N,6/9/14 8:33,1/14/16 7:30,182894,twallace4p@wikispaces.com,46-(547)401-3542
176962,Lorraine,J,Marsh,100176962,1/1/58,B,M,Y,6/14/11 6:54,10/13/15 12:41,246539,thenry4q@shutterfly.com,33-(725)122-5538
246890,Anthony,R,Martin,100246890,1/1/04,B,M,N,6/8/15 10:51,10/9/15 1:06,245881,lnguyen4r@walmart.com,216-(605)913-7243
247191,Angela,Y,Maslowski,100247191,1/1/59,B,F,Y,6/30/15 1:11,6/30/15 1:12,245076,vsnyder4s@phoca.cz,86-(640)809-9389
249640,Thien,C,Mason,100249640,1/1/60,B,M,Y,1/20/16 9:49,1/20/16 9:49,248351,swalker4t@usatoday.com,7-(190)110-1926
247636,James,,Mathis,100247636,1/1/93,W,M,N,7/31/15 9:53,7/31/15 9:53,245881,jmurray4u@behance.net,86-(401)943-0996
245921,Ted,L,Matt,5921,1/1/07,B,M,N,3/18/15 9:54,8/4/15 1:18,181017,bferguson4v@java.com,33-(954)241-4153
249652,Donald,D,Mauke,100249652,1/1/61,B,M,Y,1/21/16 8:28,2/10/16 3:43,245092,pgardner4w@rediff.com,49-(127)777-5232
174821,James,J,Mayer,100174821,1/1/66,B,M,Y,4/16/02 11:22,12/21/15 9:20,178107,mmills4x@tuttocitta.it,351-(259)709-4211
249590,Li-Chung,B,McBeth,100249590,1/1/95,B,M,N,1/14/16 10:24,1/14/16 10:24,182894,jriley4y@deviantart.com,86-(611)512-7460
248701,Paul,J,McCabe,100248701,1/1/55,B,M,Y,10/21/15 8:38,10/21/15 8:39,246539,rprice4z@dagondesign.com,86-(736)216-6651
248238,Beth,P,McDonald,100248238,1/1/59,W,M,Y,9/8/15 1:26,10/29/15 11:48,246539,lgray50@utexas.edu,86-(756)418-3179
249636,Charulata,R,McIsaac,100249636,1/1/78,W,F,N,1/20/16 7:54,1/20/16 7:55,246539,pburke51@hp.com,81-(131)588-7705
240712,Dean,M. B.,McQueeney,100240712,1/1/83,B,F,Y,7/29/14 2:18,2/25/15 7:49,241427,pking52@admin.ch,62-(433)536-6409
247930,Johanna,,Meade,100247930,1/1/10,W,F,N,8/21/15 1:38,8/21/15 1:38,245881,cdiaz53@patch.com,84-(776)538-7537
249804,C.,J,Menard,100249804,1/1/11,B,F,N,1/29/16 1:04,1/29/16 1:05,246539,sromero54@sfgate.com,353-(427)245-8824
247633,Melissa,M,Mick,100247633,1/1/82,B,M,Y,7/31/15 8:27,7/31/15 8:28,245076,smoreno55@cdbaby.com,502-(585)713-7991
247238,Chester,S,Mikson,100247238,1/1/79,B,F,Y,7/6/15 9:55,7/6/15 9:55,245076,kellis56@earthlink.net,51-(697)597-5170
248948,Brett,D,Miller,100248948,1/1/11,W,M,N,11/13/15 10:20,11/13/15 10:20,244583,bhunter57@answers.com,850-(820)404-8139
98250,Clifford,A,Milligan,100098250,1/1/61,B,M,Y,2/18/04 10:02,1/12/16 12:54,246539,jyoung58@soundcloud.com,62-(774)487-5496
246885,Alan,B,Mixon,100246885,1/1/58,B,M,Y,8/31/15 2:27,10/9/15 1:06,245881,smccoy59@addtoany.com,385-(492)913-1379
247843,Susan,W,Moffett,100247843,1/1/59,B,F,Y,8/17/15 9:52,12/9/15 9:40,248678,rmatthews5a@bloomberg.com,86-(320)770-6379
117753,Denise,M,Moore,100117753,1/1/76,B,M,Y,3/11/08 9:05,12/17/15 3:01,243007,tnichols5b@yahoo.com,55-(648)465-0426
244634,Johannes,S,Morris,100244634,1/1/82,W,F,N,12/5/14 8:12,9/29/15 12:00,245076,mreid5c@cornell.edu,504-(722)599-7180
247931,Bernard,Marie,Morriss,100247931,1/1/13,W,F,N,8/21/15 1:38,8/21/15 1:38,245881,pbailey5d@telegraph.co.uk,33-(645)784-8591
247540,Jerry,J,Munoz-Pascua,100247540,1/1/81,B,M,Y,7/24/15 12:23,2/11/16 9:13,182894,shicks5e@oakley.com,680-(712)846-8614
248711,Xu,E,Murgia,100248711,1/1/81,W,M,Y,10/21/15 12:57,10/21/15 12:57,244583,bhill5f@wired.com,256-(382)904-2017
240714,Robert,,Murray,100240714,1/1/11,B,M,N,7/29/14 2:23,7/29/14 2:23,187044,rgonzalez5g@intel.com,371-(820)464-1622
249552,Matthew,L,Nadershahi,100249552,1/1/79,B,M,Y,1/13/16 7:50,1/19/16 12:37,245092,shenderson5h@apple.com,62-(657)127-1404
181183,Kevin,Elizabeth Hartman,Nguyen,100181183,1/1/61,B,M,Y,2/10/12 10:34,2/29/16 6:00,248351,dscott5i@slideshare.net,351-(901)115-5857
245920,Ronnie,J,Nguyen,5920,1/1/05,B,F,N,3/18/15 9:52,8/4/15 1:18,181017,ecrawford5j@sun.com,51-(467)607-2994
247635,Denis,J,O'Neill,100247635,1/1/95,W,F,Y,7/31/15 9:51,10/15/15 12:46,245881,ahill5k@hostgator.com,1-(423)370-8402
247597,Steven,W,Oakes,100247597,1/1/57,B,M,Y,7/29/15 7:42,12/7/15 2:44,248348,mgrant5l@linkedin.com,62-(219)612-9701
248714,Allan,,Olson,100248714,1/1/45,W,M,Y,10/21/15 2:29,2/29/16 8:27,178107,rboyd5m@reverbnation.com,39-(738)134-4403
249873,Gwendolyn,,Olson,100249873,1/1/06,B,F,N,2/3/16 8:41,2/3/16 8:42,248348,jbishop5n@alibaba.com,33-(107)372-7702
249322,Jill,M,Orencia,100249322,1/1/59,W,M,Y,12/17/15 1:23,12/21/15 12:43,245881,moliver5o@sphinn.com,55-(495)705-7280
239479,Carolyn,A,Owens,100239479,1/1/56,B,M,Y,4/8/14 9:44,2/12/16 10:34,246539,creynolds5p@deviantart.com,63-(312)469-0567
247603,Paul,W,Park,100247603,1/1/90,W,M,Y,7/29/15 10:21,10/1/15 10:39,245092,epeterson5q@hud.gov,52-(700)602-3727
247758,Kenneth,L,Parton,100247758,1/1/84,W,M,Y,8/11/15 8:59,10/12/15 8:42,244583,amorgan5r@cpanel.net,62-(187)463-5927
246411,Kristofor,Lorena,Passler,100246411,1/1/57,B,M,Y,5/1/15 9:36,2/15/16 5:27,248348,jperkins5s@tinypic.com,374-(463)125-2904
249153,Jay,J,Pastrana,100249153,1/1/91,W,M,Y,12/4/15 3:29,2/6/16 4:45,244492,sgordon5t@123-reg.co.uk,1-(828)548-6844
245678,Sandra,S.,Pathak,100245678,1/1/87,W,M,Y,2/26/15 12:07,7/20/15 2:00,188978,lspencer5u@technorati.com,358-(149)487-8796
247240,James,,Pearson,100247240,1/1/60,B,F,N,7/6/15 10:12,7/6/15 10:13,186063,sthomas5v@myspace.com,420-(341)829-4902
238817,Dean,J,Perkins,100238817,1/1/55,B,M,Y,2/4/14 7:51,11/10/15 9:07,182894,awalker5w@free.fr,86-(642)481-5116
248792,Slippery,,Pete,100248792,1/1/73,W,M,Y,10/29/15 7:24,10/29/15 7:24,244583,dcollins5x@sakura.ne.jp,257-(859)561-7964
106089,Michael,Sik Yu,Philipp,100106089,1/1/59,B,M,N,11/8/05 2:03,2/10/16 3:14,246539,agonzalez5y@oracle.com,86-(600)132-6319
248552,Randy,L,Platt,100248552,1/1/67,W,M,Y,10/6/15 12:47,10/28/15 11:34,246539,mrogers5z@nbcnews.com,86-(217)245-0169
123267,Paul,A,Pomata,100123267,1/1/57,B,M,Y,3/14/00 5:22,11/23/15 1:41,246539,mcarr60@ft.com,976-(829)233-4268
249244,Adam,J,Prejean,100249244,1/1/68,B,M,Y,12/11/15 12:38,1/7/16 1:59,246539,crose61@drupal.org,33-(500)184-1973
248733,Peter,A,Ralston,100248733,1/1/10,B,F,N,10/22/15 12:51,10/22/15 12:52,182894,ddixon62@domainmarket.com,51-(774)297-4421
252022,John,,Ratner,100252022,1/1/64,W,M,Y,2/16/16 1:01,2/17/16 8:46,182613,astevens63@theguardian.com,370-(411)973-2670
246889,William,,Raucci,100246889,1/1/57,B,F,N,6/8/15 10:49,10/9/15 1:06,245881,jbryant64@wordpress.org,51-(375)817-5964
249198,Jeffrey,James,Reddick,100249198,1/1/85,B,F,N,12/9/15 10:03,12/9/15 10:04,245094,coliver65@nydailynews.com,66-(471)645-9098
249154,Anthony,S,Rein,100249154,1/1/92,W,F,N,12/4/15 3:36,12/4/15 3:37,244583,scarroll66@slate.com,375-(100)621-5552
247332,Ryan,,Rhoades,7332,1/1/69,W,M,Y,7/10/15 11:11,10/12/15 11:34,244583,lburns67@woothemes.com,63-(307)675-8627
247856,Daniel,C,Ring,100247856,NULL,B,M,Y,8/18/15 7:24,8/18/15 7:25,247275,khill68@bravesites.com,46-(823)922-9281
249851,Terrance,J. Hunter,Ristas,100249851,1/1/77,W,M,Y,2/2/16 10:21,2/2/16 10:22,248351,dbennett69@businesswire.com,62-(112)617-5697
248550,Victoria,D,Robertson,100248550,1/1/15,W,F,N,10/6/15 12:42,10/6/15 12:42,245094,joliver6a@noaa.gov,55-(749)908-4363
131634,Berkan,C.,Robinson,100131634,1/1/59,B,M,N,6/28/10 8:26,12/11/15 5:34,86270,aclark6b@e-recht24.de,33-(302)281-9729
244636,Bruce,P. M.,Rodgers,100244636,1/1/96,W,M,N,12/5/14 8:16,9/29/15 12:00,245076,pmoreno6c@php.net,63-(825)525-5481
249115,George,A,Rodrigues,100249115,1/1/94,B,M,N,11/30/15 2:16,1/13/16 8:32,182894,ahughes6d@prweb.com,86-(108)464-3257
248667,Oona,R C,Rogers,100248667,1/1/92,B,M,Y,10/19/15 9:37,1/21/16 12:29,244492,etucker6e@yolasite.com,44-(783)362-6722
249155,J.,A,Rogers,100249155,1/1/11,W,M,N,12/4/15 3:36,12/4/15 3:37,244583,abarnes6f@japanpost.jp,7-(812)916-1951
247610,Robert,R,Rosbrook,100247610,1/1/43,W,M,Y,7/29/15 1:25,10/21/15 2:18,245881,soliver6g@wikipedia.org,7-(979)813-2174
188821,Adam,Evans,Roth,100188821,1/1/51,B,M,Y,8/2/13 1:14,10/28/15 10:38,182894,mcooper6h@godaddy.com,33-(667)873-4048
248735,Stephen,W,Rubin,100248735,1/1/88,B,F,N,10/22/15 12:54,10/22/15 12:55,182894,kfreeman6i@sogou.com,54-(104)451-4260
249248,Thomas,Gardner,Ryan,100249248,1/1/61,B,F,N,12/11/15 12:58,12/14/15 12:49,182894,ddunn6j@wikimedia.org,54-(232)168-8035
247830,Allen,P,Safiullah,100247830,1/1/57,B,M,Y,8/14/15 12:33,8/14/15 12:34,182894,jbailey6k@wp.com,63-(731)664-0754
187565,Melissa,A,Samonek,100187565,1/1/55,B,M,Y,4/22/13 2:49,1/4/16 8:41,245092,phunt6l@ebay.co.uk,33-(206)662-3576
248946,Danielle,,Santema,100248946,1/1/86,W,F,N,11/13/15 10:20,11/13/15 10:20,244583,llarson6m@webeden.co.uk,86-(225)305-8930
247333,Joy,Holbrook,Sarosi,100247333,1/1/68,W,F,N,7/10/15 11:14,7/10/15 11:15,244583,ahernandez6n@sciencedirect.com,27-(419)320-9352
249280,Cornelius,J,Sawislak,100249280,1/1/87,N,F,N,12/15/15 9:54,12/15/15 9:55,244583,drose6o@studiopress.com,62-(335)162-0935
249358,Michael,J,Saxe,100249358,1/1/56,B,M,Y,12/22/15 9:12,1/8/16 10:13,248350,bmiller6p@nps.gov,54-(600)881-2788
244637,Julie,A,Schaal,100244637,1/1/03,W,F,N,12/5/14 8:18,9/29/15 12:00,245076,malexander6q@epa.gov,48-(692)299-3950
238583,Dena,J,Schloff,100238583,1/1/68,B,M,Y,1/8/14 2:01,7/28/15 8:55,188978,dboyd6r@alexa.com,1-(878)163-6124
238612,Nicole,Marie VanDeVoort,Schonberger,100238612,1/1/69,B,M,Y,1/14/14 7:30,1/11/16 9:06,248348,lromero6s@typepad.com,7-(433)578-7718
248239,Paul,A,Seita,100248239,1/1/57,W,F,N,9/8/15 1:29,10/5/15 1:10,246539,tjohnson6t@weebly.com,62-(705)107-8694
248947,David,C,Shamsaei Far,100248947,1/1/07,W,F,N,11/13/15 10:20,11/13/15 10:20,244583,ghill6u@pen.io,420-(534)637-3773
249638,Matthew,U I,Shang,100249638,1/1/12,W,M,N,1/20/16 8:09,1/20/16 8:10,246539,jjohnston6v@acquirethisname.com,93-(783)658-2524
114272,Zeming,M,Siepmann,100114272,1/1/61,B,M,Y,10/17/07 9:07,10/16/15 10:19,245094,jpalmer6w@amazon.co.uk,30-(937)292-8531
176504,Sundar,A,Simon,100176504,1/1/60,B,M,Y,8/27/02 10:24,1/19/16 9:03,182894,hmills6x@hugedomains.com,972-(496)465-9703
119351,Steven,D,Sinder,100119351,1/1/54,B,M,Y,8/20/08 2:48,10/29/15 10:25,248348,astanley6y@infoseek.co.jp,1-(796)690-9513
239861,Yen,A,Smith,100239861,1/1/61,B,M,Y,5/13/14 12:38,2/12/16 2:57,86250,ehart6z@moonfruit.com,7-(622)911-8226
246662,Amy,L,Smith,100246662,1/1/72,B,M,Y,5/21/15 12:45,2/4/16 2:54,86270,avasquez70@tripod.com,54-(470)632-4078
245199,Michelle,,Sorensen,100245199,1/1/89,"B,W",F,N,1/26/15 1:15,8/3/15 10:05,86270,dnichols71@apple.com,86-(912)762-3451
249472,Jo Anne,J,Spalding,100249472,1/1/90,W,F,N,1/6/16 7:55,1/6/16 7:55,245881,csnyder72@imdb.com,62-(511)513-2315
248207,Jon,A,Steele,100248207,1/1/70,B,M,Y,9/4/15 8:23,10/7/15 3:06,246539,dramirez73@java.com,49-(790)888-0545
248897,Bernadette,W.,Stein,100248897,1/1/46,W,M,Y,11/9/15 2:32,11/9/15 2:32,246539,aaustin74@wordpress.com,33-(622)124-2090
189044,Elizabeth,S,Tapia,100189044,1/1/60,B,F,Y,8/22/13 10:05,2/1/16 1:40,245094,hfisher75@exblog.jp,389-(631)126-9631
246946,Timothy,Chi,Tatachar,100246946,1/1/67,W,F,Y,6/10/15 2:10,10/28/15 1:46,246539,fgarcia76@ow.ly,1-(614)370-0857
252131,David,MI,Taylor,252131,1/1/63,W,M,Y,2/25/16 2:58,2/25/16 2:59,249901,ahart77@qq.com,33-(653)384-7806
248793,Tara,J,Teitelbaum,100248793,1/1/74,W,F,N,10/29/15 7:27,10/29/15 7:27,244583,dalvarez78@sciencedirect.com,86-(870)368-3483
136170,Jeffrey,M,Terrano,100136170,1/1/85,B,M,Y,7/7/00 11:41,12/8/15 12:58,246539,dchapman79@typepad.com,48-(160)979-4449
248555,Denise,,Tousi,100248555,1/1/84,W,M,Y,10/6/15 1:59,2/8/16 12:09,181952,fwebb7a@t.co,62-(255)852-1170
248820,David,,van der Sluis,100248820,1/1/69,B,M,Y,10/30/15 9:23,10/30/15 9:24,248678,dmarshall7b@seattletimes.com,46-(333)196-7603
249883,Carol,R,Vasios,100249883,1/1/57,B,F,Y,2/3/16 1:04,2/4/16 9:25,248351,dmorris7c@uiuc.edu,86-(432)953-5644
106452,Timothy,W,Vaughn,100106452,1/1/49,W,M,N,12/12/05 10:07,10/6/15 7:36,179269,ganderson7d@springer.com,46-(826)459-6555
247611,Michael,P,Verrecchio,100247611,1/1/81,W,F,Y,7/30/15 7:14,9/28/15 9:00,186272,kfuller7e@mlb.com,353-(473)416-0269
136673,Bryon,S,Veschi,100136673,1/1/56,B,M,Y,2/9/01 2:10,8/12/15 8:51,245092,aelliott7f@pcworld.com,63-(885)565-4104
252118,Victoria,B.,Viccaro,100252118,1/1/53,W,M,Y,2/25/16 8:11,2/29/16 12:37,184802,jstephens7g@jimdo.com,256-(703)937-9381
247932,Gabryleda,G,Vickrey,100247932,1/1/73,W,M,Y,8/21/15 2:41,10/12/15 8:18,244583,dwilliams7h@reddit.com,95-(961)196-2919
248799,Sonali,,Vogel,100248799,1/1/68,W,F,Y,10/29/15 11:07,10/29/15 11:08,244583,pevans7i@wikia.com,86-(947)209-2887
247350,Marius,Y,Vondle,100247350,1/1/64,B,M,Y,7/13/15 10:31,9/15/15 8:47,245076,jbryant7j@storify.com,51-(842)256-7656
185836,Scott,D,Wang,100185836,1/1/70,B,M,Y,12/14/12 9:55,10/28/15 2:36,246539,epatterson7k@stanford.edu,86-(280)687-2818
249067,Robert,,Warf,100249067,1/1/90,W,F,N,11/23/15 2:36,11/23/15 2:37,245094,dharrison7l@gravatar.com,39-(242)216-3883
247351,Aaron,J,Warren,100247351,1/1/67,B,F,N,7/13/15 10:34,7/13/15 10:34,245076,fwelch7m@home.pl,81-(737)695-8780
189603,Michael,S,Weins,100189603,1/1/71,B,F,Y,10/2/13 11:00,10/26/15 7:52,245094,kberry7n@imgur.com,63-(594)162-0730
249591,Tara,Daniel,Werking,100249591,1/1/63,B,M,Y,1/14/16 10:28,1/14/16 10:29,178107,cschmidt7o@sciencedaily.com,372-(864)827-3708
99577,M,G,West,100099577,1/1/61,B,M,Y,6/9/04 2:11,12/2/15 2:42,246539,rfowler7p@merriam-webster.com,591-(543)181-8853
249557,Michael,D,Westerby,100249557,1/1/59,B,M,Y,1/13/16 9:35,1/19/16 2:27,182894,jwright7q@xinhuanet.com,86-(614)259-9586
240179,Melanie,Michael,Whitaker,100240179,1/1/07,B,F,N,6/9/14 8:32,12/11/15 1:54,245094,dfoster7r@aol.com,86-(856)497-3530
90739,George,Kevin,Wickstrom,100090739,1/1/71,B,M,N,3/14/00 5:21,11/5/15 2:23,239216,sjenkins7s@chron.com,55-(558)887-5908
249940,Timothy,M,Williams,100249940,1/1/66,W,M,Y,2/8/16 2:18,2/8/16 2:18,245881,ahowell7t@de.vu,86-(883)834-0141
248843,Thomas,Hunter,Williamson,100248843,1/1/89,B,M,N,11/2/15 12:30,12/11/15 1:10,245881,mwallace7u@pen.io,62-(489)922-3637
247489,Michael,E,Wittenzellner,100247489,1/1/70,W,M,Y,7/21/15 12:49,8/19/15 2:07,245094,mcook7v@zdnet.com,63-(594)464-3406
247933,Nancy,,Wolfe,7933,1/1/97,W,M,N,8/21/15 2:49,8/21/15 2:49,244583,llynch7w@squarespace.com,420-(999)783-8420
248800,Gayle,S,Wyse,100248800,1/1/95,W,M,N,10/29/15 11:09,10/29/15 11:10,244583,ehanson7x@gmpg.org,1-(713)963-5914
249473,Robert,M,Xu,100249473,1/1/78,W,M,Y,1/6/16 8:03,1/7/16 9:00,245092,cpierce7y@ustream.tv,52-(315)356-1694
249863,Robert,A,Yale,100249863,1/1/56,B,M,Y,2/2/16 1:26,2/2/16 1:26,248351,tstewart7z@mapy.cz,30-(259)318-3142
244638,Jean,A.,Yang,100244638,1/1/04,W,M,N,12/5/14 8:20,9/29/15 12:00,245076,jhenderson80@discuz.net,502-(270)995-8546
248812,Aditya,B,Yip,100248812,1/1/87,W,M,Y,10/29/15 1:18,10/29/15 1:19,244583,acruz81@ucla.edu,1-(501)922-2851
246433,Emily,L,Zachariah,100246433,1/1/66,W,M,Y,5/4/15 12:11,10/28/15 9:49,244892,harnold82@webnode.com,86-(196)341-0259
249522,John,H,Zajac,100249522,1/1/61,B,M,Y,1/11/16 10:43,1/12/16 11:21,248678,wford83@php.net,30-(790)678-5145
248945,Nicole,M,Zeller,100248945,1/1/84,W,M,Y,11/13/15 10:14,11/13/15 10:14,244583,rrobertson84@economist.com,7-(939)421-5157
241104,Lynn,C,Zelson,100241104,1/1/79,B,M,Y,9/5/14 2:13,1/13/16 1:13,86250,wdavis85@so-net.ne.jp,86-(264)613-5007
130741,Veruska,A.,Zhang,100130741,1/1/53,W,M,Y,8/7/00 3:25,10/8/15 1:12,244583,frichards86@webs.com,49-(755)491-2719
143804,Lee,A,Zhang,100143804,1/1/00,B,M,N,4/1/02 2:56,4/1/02 2:56,11,dhughes87@theguardian.com,355-(610)293-5958
240942,,,,,1/1/55,B,F,N,8/18/14 12:23,8/18/14 12:23,186063,rhowell88@dailymail.co.uk,358-(326)278-0320
247929,Moose,,,100247929,1/1/79,W,F,N,8/21/15 1:38,10/13/15 1:06,245881,sbailey89@newsvine.com,62-(476)764-9098
114494,,,,100114494,1/1/55,B,F,Y,3/14/00 5:21,9/23/15 10:22,244892,ngray8a@discovery.com,48-(788)672-6904
248201,,,,100248201,1/1/59,W,M,Y,9/3/15 10:26,2/23/16 4:56,246539,jjones8b@wiley.com,251-(285)913-9737
249637,,,,100249637,1/1/10,W,F,N,1/20/16 8:08,1/20/16 8:08,246539,jgeorge8c@reverbnation.com,420-(718)383-2829
